0,1,2,3,4,5,6,7,8,9,10,11,12,13,14,15
53,69,135,170,28,39,69,95,10,292,327,279,497,510,510,510
79,64,56,156,70,51,44,63,300,134,384,302,292,148,163,163
82,63,51,180,68,52,46,65,331,320,385,301,284,149,164,164
134,140,78,169,104,82,84,150,456,93,378,362,321,143,165,165
39,163,2,166,5,26,2,39,144,105,430,127,508,510,166,166
181,248,149,183,138,218,214,279,327,18,168,220,427,136,167,167
184,282,28,120,47,159,190,280,206,345,363,203,441,468,168,168
132,233,442,292,115,165,95,132,177,439,16,297,165,162,169,169
364,428,425,320,397,453,9,49,178,406,43,315,166,135,170,170
363,389,467,283,429,387,103,139,206,50,18,301,167,150,171,171
16,54,57,308,16,69,7,16,99,367,313,215,502,402,172,172
4,10,374,316,4,6,17,22,211,36,113,219,383,450,173,173
57,18,12,338,44,48,20,6,135,363,465,225,505,342,174,174
71,35,13,331,50,69,15,3,186,341,450,228,508,158,175,175
27,6,350,39,16,6,40,2,198,98,7,416,508,470,162,162
443,397,508,55,437,399,373,320,108,375,1,434,255,172,176,176
14,16,242,50,79,89,115,81,281,416,113,425,358,153,178,178
477,374,387,47,483,449,392,216,89,16,18,425,251,174,179,179
310,380,83,213,318,359,335,371,444,18,370,401,176,152,180,180
62,187,84,250,39,157,10,203,445,24,424,364,491,447,181,181
224,377,195,219,178,305,310,344,247,412,338,377,490,177,182,182
293,332,114,224,279,282,339,375,465,1,404,382,177,184,183,183
315,372,27,239,325,352,163,308,153,445,458,374,178,203,184,184
459,418,479,246,448,420,483,438,46,412,109,393,179,159,185,185
82,85,462,256,166,117,14,4,41,329,21,213,172,179,186,186
52,150,399,180,33,62,132,77,77,458,9,256,173,405,187,187
10,20,359,245,4,14,20,47,211,20,66,252,495,484,188,188
240,313,55,283,214,310,7,43,188,184,351,40,186,167,189,189
15,117,341,345,16,96,1,31,257,22,78,99,187,168,190,190
196,319,181,308,116,221,253,393,425,231,363,150,508,203,177,177
234,135,493,34,227,132,270,95,224,65,26,487,374,493,160,160
14,3,270,24,17,8,13,10,206,354,52,421,485,508,145,145
368,166,284,33,337,149,271,59,97,391,70,482,142,147,159,159
153,144,333,13,78,87,124,96,254,499,177,487,460,505,131,131
92,63,78,23,45,30,63,95,7,111,327,492,348,489,132,132
58,17,41,20,15,11,27,38,391,1,431,480,472,506,133,133
409,185,499,31,364,190,355,219,159,18,102,496,345,168,134,134
339,103,133,31,326,118,194,132,408,482,291,480,445,484,135,135
228,75,320,17,274,159,91,53,242,506,185,496,344,182,136,136
431,72,155,17,420,135,349,81,431,478,423,479,338,131,137,137
31,12,175,16,1,9,23,6,369,503,200,469,509,502,138,138
133,26,165,22,48,13,17,45,17,423,217,477,470,508,139,139
393,376,451,135,377,390,211,214,109,276,13,236,156,150,140,140
4,15,171,54,1,1,3,3,161,10,21,213,504,498,141,141
87,186,331,134,37,217,54,12,212,327,68,216,145,287,142,142
208,476,117,165,219,474,35,186,97,117,402,270,130,159,143,143
9,237,344,186,8,129,10,116,112,22,125,231,509,440,130,130
126,398,274,235,162,392,341,394,270,433,375,295,131,141,144,144
291,455,219,221,302,448,208,372,170,7,208,271,132,122,146,146
372,426,194,183,500,495,215,313,302,37,248,283,133,132,147,147
198,368,300,142,180,367,144,211,206,412,121,266,134,142,148,148
4,239,26,148,5,159,2,93,64,365,311,214,504,470,149,149
125,266,472,149,115,253,27,15,88,284,49,209,206,140,150,150
107,257,493,167,106,256,103,119,152,94,7,238,200,447,151,151
449,429,200,93,494,423,20,10,319,202,195,227,199,143,152,152
28,122,211,86,19,95,2,4,129,172,143,204,497,488,153,153
99,319,146,233,225,367,98,277,341,380,235,332,144,119,154,154
53,68,355,204,91,180,55,89,196,432,113,289,145,146,155,155
310,415,73,245,328,413,326,377,417,81,408,373,146,118,156,156
7,77,294,332,14,112,2,3,205,224,116,94,492,509,157,157
2,93,424,278,2,80,5,5,73,24,3,95,502,434,158,158
359,336,109,73,321,320,18,101,23,221,196,389,332,274,191,191
39,175,112,114,12,144,85,231,473,194,423,412,459,380,161,161
17,29,220,69,2,16,6,65,192,7,65,311,509,508,192,192
292,177,492,4,408,204,277,187,127,507,43,506,124,508,225,225
293,176,497,2,413,195,199,115,139,88,39,504,366,445,227,227
302,213,439,5,379,265,127,20,77,111,13,507,125,130,228,228
22,10,389,10,30,42,32,11,243,48,60,506,479,497,229,229
275,309,48,24,259,256,97,128,40,397,390,304,178,186,230,230
37,108,442,272,26,108,19,6,77,9,1,38,205,271,231,231
189,161,486,55,140,115,62,69,162,82,18,371,289,444,232,232
1,11,488,81,2,15,9,30,135,310,12,419,478,504,233,233
68,43,284,60,35,34,3,12,24,16,171,280,485,495,234,234
4,2,400,58,6,17,19,30,76,384,22,424,296,505,235,235
296,301,87,78,202,258,238,340,378,444,313,413,395,358,236,236
47,58,319,62,25,93,30,40,379,475,207,387,487,451,237,237
133,40,95,39,267,104,51,27,118,362,287,402,175,200,238,238
315,270,182,120,287,283,161,229,418,488,350,421,405,217,239,239
19,56,113,59,7,19,22,101,363,98,191,401,493,450,226,226
74,54,257,74,86,64,56,66,137,40,276,417,452,491,240,240
97,23,205,74,81,16,17,13,139,439,185,372,352,510,242,242
94,26,231,70,82,24,18,18,203,457,187,373,355,500,243,243
101,32,197,74,84,24,9,14,49,375,188,374,354,503,244,244
35,34,64,74,38,46,6,9,455,122,377,401,469,496,245,245
8,40,100,90,11,25,20,64,107,108,446,406,497,482,246,246
120,176,81,66,94,137,47,102,240,488,340,435,449,367,247,247
2,1,10,21,3,9,3,10,5,12,4,30,508,507,248,248
3,1,71,55,3,2,1,4,1,2,10,17,509,507,1,1
53,76,491,217,31,148,73,48,166,358,12,264,323,387,250,250
81,26,378,213,48,44,128,36,392,119,317,238,368,391,251,251
62,73,419,161,43,139,79,43,67,405,29,254,327,385,252,252
3,1,154,150,2,4,1,2,80,64,2,17,510,508,253,253
2,2,142,396,3,4,1,3,172,156,113,22,509,499,254,254
36,30,470,50,17,66,41,16,122,418,6,336,322,421,241,241
7,5,317,136,12,28,5,5,15,278,335,361,494,507,224,224
5,27,338,472,3,13,62,58,221,57,48,17,443,345,209,209
258,335,94,484,288,326,263,236,86,65,322,23,370,187,223,223
54,141,86,152,49,106,64,190,286,55,158,185,400,315,195,195
28,29,143,172,31,20,26,28,18,55,329,154,482,496,196,196
139,243,377,171,122,215,143,297,232,2,64,227,338,341,197,197
15,73,17,146,17,28,21,97,406,335,432,173,502,492,198,198
167,70,230,27,104,31,155,60,251,467,195,422,177,447,199,199
209,199,215,25,116,124,230,123,315,473,201,452,178,446,200,200
121,6,9,12,79,4,2,2,1,1,445,335,500,498,201,201
258,121,153,74,249,163,288,128,327,108,398,442,363,490,202,202
117,55,246,32,22,47,84,26,334,175,172,345,491,486,203,203
11,5,167,107,10,5,10,5,13,79,93,120,503,508,204,204
346,94,134,192,397,91,341,59,375,323,255,216,137,171,205,205
46,222,97,142,48,171,28,113,76,459,319,345,415,480,206,206
11,31,285,159,6,34,6,19,87,399,124,286,493,505,207,207
75,239,179,185,62,201,14,11,106,321,282,340,421,495,194,194
335,49,46,11,419,170,215,36,312,4,330,376,249,384,208,208
55,43,69,59,53,84,29,45,336,396,174,277,395,408,210,210
329,169,163,117,380,188,173,48,352,434,366,288,181,413,211,211
11,17,330,59,13,23,3,20,172,298,21,241,398,482,212,212
8,23,328,63,11,21,7,9,97,296,64,230,436,509,213,213
2,9,189,55,1,9,5,6,140,273,150,227,479,500,214,214
69,94,23,84,54,49,64,59,450,372,438,268,503,431,215,215
83,95,83,88,64,46,42,44,484,55,453,279,510,367,216,216
44,12,119,97,26,15,63,5,232,395,149,264,484,500,217,217
479,256,136,83,482,227,414,268,367,22,330,230,111,140,218,218
203,103,372,129,203,140,157,57,159,415,31,301,212,388,219,219
238,106,386,139,259,130,166,70,9,350,106,302,220,391,220,220
231,51,296,138,294,42,241,43,282,298,177,295,116,454,221,221
10,14,30,89,4,13,19,3,134,144,414,229,509,503,222,222
29,15,106,101,16,11,52,6,285,432,466,302,502,507,193,193
7,122,448,302,5,104,5,200,156,184,97,112,405,301,128,128
42,177,337,326,40,150,64,307,212,241,195,105,189,12,65,65
17,274,141,347,17,233,11,200,341,20,170,107,506,421,127,127
84,72,346,318,82,72,19,130,42,273,95,103,190,35,35,35
169,335,203,319,173,315,193,408,78,115,264,143,191,118,36,36
79,373,5,344,85,320,125,413,508,232,509,164,502,289,37,37
301,167,300,64,289,172,134,86,204,316,125,251,193,38,38,38
76,91,177,59,48,57,122,111,395,58,310,300,192,426,39,39
2,3,162,48,2,7,1,4,10,137,22,190,510,508,40,40
103,324,36,128,84,268,80,142,495,14,493,285,169,408,41,41
140,105,347,121,119,80,107,42,161,376,34,233,435,496,42,42
166,222,137,139,143,206,163,128,75,23,321,271,170,102,43,43
37,72,3,39,37,53,8,29,101,444,508,314,500,364,44,44
45,27,397,179,15,5,5,6,42,202,36,163,336,453,45,45
63,30,151,172,24,22,58,36,266,205,188,130,477,502,46,46
92,33,204,199,18,5,33,6,310,104,149,71,474,504,47,47
81,200,65,303,75,187,61,202,490,188,488,146,497,477,34,34
295,303,191,242,148,195,87,210,27,163,104,134,94,337,48,48
140,309,15,138,112,209,55,175,417,110,388,185,503,474,50,50
10,71,176,205,8,60,83,185,140,285,166,260,362,450,51,51
54,40,256,265,26,24,66,120,159,406,108,246,421,466,52,52
62,60,377,99,33,24,14,24,312,201,124,211,461,482,53,53
9,8,139,408,5,18,8,71,140,75,125,16,510,501,54,54
7,40,55,334,6,22,33,27,206,131,132,31,510,475,55,55
1,17,406,296,1,8,1,9,79,139,1,20,504,472,56,56
3,11,380,289,4,5,2,15,112,161,2,32,506,470,57,57
86,469,317,508,217,425,20,193,240,122,222,65,58,43,58,58
247,15,269,350,246,19,34,6,139,252,295,101,105,44,59,59
2,3,291,323,5,3,2,4,301,228,60,72,491,499,60,60
7,5,326,425,10,4,19,8,184,162,23,35,289,455,61,61
28,18,97,420,39,23,6,6,183,120,239,45,456,40,62,62
2,14,388,383,4,10,4,16,120,180,13,32,445,451,49,49
22,9,406,426,26,12,32,11,88,22,48,34,279,447,32,32
226,140,251,443,312,265,274,326,27,205,343,52,84,17,17,17
13,14,151,368,44,25,11,16,26,190,114,41,325,453,31,31
193,268,242,502,208,269,151,265,152,147,330,18,36,3,3,3
11,24,315,442,7,22,11,10,104,134,16,29,509,411,4,4
3,1,70,442,3,7,15,20,96,73,229,24,340,431,5,5
53,43,406,446,54,39,4,22,123,45,15,25,32,31,6,6
50,66,411,457,57,55,43,40,80,81,46,22,33,30,7,7
293,297,265,479,313,289,323,428,20,193,342,40,34,8,8,8
7,19,163,420,20,31,19,25,20,159,106,26,35,2,9,9
180,163,391,423,63,98,314,250,141,113,22,43,364,430,10,10
2,1,468,397,3,4,2,3,35,131,1,3,482,509,11,11
32,17,179,216,27,15,118,24,374,116,204,277,394,481,12,12
54,85,120,298,53,63,187,112,124,385,467,358,28,433,13,13
30,185,97,150,17,129,4,134,291,3,154,243,490,428,14,14
59,24,166,215,33,12,27,27,111,387,221,233,368,477,15,15
327,418,195,279,313,394,248,251,458,160,331,239,6,58,2,2
5,11,144,241,1,6,9,5,195,2,93,186,501,447,16,16
2,4,22,459,4,5,4,5,21,153,158,16,507,508,18,18
159,317,24,457,142,337,21,187,132,155,343,21,2,153,19,19
298,286,187,270,239,202,92,24,313,216,192,134,122,122,20,20
299,308,198,283,241,283,154,33,354,23,193,132,123,124,21,21
21,4,111,137,21,3,1,10,342,328,163,186,367,461,22,22
143,152,9,128,140,111,97,96,138,25,414,207,41,499,23,23
372,147,112,158,256,95,253,114,80,26,123,197,42,470,24,24
25,37,28,174,22,59,5,17,252,75,295,121,494,372,25,25
415,241,196,224,403,201,267,97,298,212,218,188,42,3,26,26
8,5,75,213,6,2,2,3,365,108,335,149,506,504,27,27
414,136,171,362,438,165,253,89,262,176,215,101,43,5,28,28
423,139,277,391,444,169,251,90,53,41,217,99,44,6,29,29
35,50,60,67,4,12,7,32,450,138,385,369,506,508,30,30
37,108,141,311,34,62,18,73,93,93,148,141,372,276,63,63
3,17,48,222,2,17,2,2,68,121,282,139,507,449,33,33
141,214,137,240,110,206,1,9,41,14,108,69,129,105,64,64
1,7,25,287,1,3,4,4,74,44,156,30,482,508,97,97
1,62,2,385,12,36,11,37,456,87,491,50,510,509,99,99
31,26,95,390,25,31,4,9,229,245,152,82,396,280,100,100
1,2,81,300,5,1,4,2,269,36,115,46,485,455,101,101
1,6,193,183,1,1,1,5,1,13,1,1,510,508,1,3
329,64,71,20,421,109,124,8,36,366,319,388,226,390,103,103
23,70,106,480,23,33,24,36,216,129,75,10,476,413,104,104
3,11,372,482,4,4,2,6,23,76,9,11,507,487,105,105
6,2,347,477,4,1,2,8,49,104,16,1,505,493,106,106
4,2,122,383,1,3,2,2,15,80,20,2,510,508,107,107
14,4,29,194,3,7,64,21,39,276,438,110,507,499,108,108
28,9,129,237,6,4,75,15,72,110,476,145,500,500,109,109
494,439,468,391,496,380,469,457,228,292,67,173,26,16,110,110
265,190,293,306,317,295,475,427,440,83,389,186,142,93,111,111
383,312,376,327,331,223,484,385,351,391,324,366,7,94,98,98
290,257,238,457,286,249,287,381,421,151,296,88,9,141,112,112
344,137,300,21,377,224,340,265,343,506,192,489,26,359,114,114
385,154,510,264,378,110,264,45,90,325,1,159,24,104,115,115
256,358,164,404,210,328,86,239,302,73,163,55,8,112,116,116
195,172,348,62,182,171,217,198,289,12,175,439,24,27,117,117
96,51,313,251,87,45,20,30,159,135,30,223,396,472,118,118
460,241,499,166,496,250,430,242,167,384,62,370,117,91,119,119
408,455,40,500,411,454,451,441,484,176,490,29,89,39,120,120
232,198,348,502,237,219,202,199,226,94,62,3,10,88,121,121
180,206,26,196,143,157,161,217,492,444,466,321,17,491,122,122
39,63,499,423,70,16,67,76,152,180,56,48,17,431,123,123
500,462,386,357,499,460,127,127,304,271,259,174,90,96,124,124
76,323,86,228,48,233,155,338,455,385,444,247,453,10,125,125
491,386,122,364,493,373,456,349,494,147,415,129,5,131,126,126
197,291,75,355,194,281,214,200,66,185,444,140,444,106,113,113
227,222,298,494,228,146,337,185,233,40,152,24,318,425,96,96
225,32,65,61,247,73,175,39,307,381,420,364,274,471,81,81
226,98,227,58,289,141,310,194,346,489,218,436,54,96,95,95
142,347,126,502,118,339,217,301,486,164,438,29,471,110,67,67
34,28,248,169,26,14,7,34,326,365,197,220,282,447,70,68
467,510,502,502,416,484,469,478,217,183,64,28,84,89,69,69
501,434,312,430,498,432,494,445,298,224,279,82,54,53,70,70
69,409,62,181,98,434,93,341,503,263,499,335,85,54,71,71
336,104,237,227,296,145,282,138,332,77,185,220,17,332,72,72
26,18,96,35,33,6,34,17,464,396,401,468,498,466,73,73
257,300,265,459,196,285,357,400,202,120,284,7,20,81,74,74
147,225,244,115,296,317,110,218,401,489,315,434,17,98,75,75
209,427,12,200,253,426,300,436,482,292,503,246,89,22,76,76
323,247,143,414,257,204,385,274,388,305,425,193,401,325,77,77
27,107,59,263,36,78,38,147,404,379,453,267,474,57,78,78
44,48,217,416,86,142,320,448,417,104,299,57,81,63,79,79
473,501,352,355,435,473,279,462,325,341,172,208,76,90,66,66
453,502,58,347,454,509,121,237,311,440,334,294,74,113,80,80
464,456,206,99,464,460,436,415,386,455,223,476,25,114,82,82
25,59,376,335,28,49,28,73,307,253,103,112,450,357,83,83
90,258,174,235,101,220,125,337,407,280,271,209,321,282,84,84
23,187,37,370,6,69,14,195,333,161,422,319,504,458,85,85
254,159,332,264,178,129,401,247,357,310,234,295,88,69,86,86
453,371,61,194,419,376,454,343,345,353,405,238,89,60,87,87
450,461,421,495,457,471,454,509,110,153,169,19,86,83,88,88
85,146,68,315,98,122,76,96,427,128,366,203,412,333,89,89
323,232,295,204,294,204,315,145,42,320,355,311,80,130,90,90
4,94,2,75,8,82,20,147,110,309,505,429,464,452,91,91
362,235,344,25,329,191,385,300,4,92,196,470,199,68,92,92
510,469,412,35,504,477,489,403,86,497,88,487,77,68,93,93
77,16,241,285,136,26,105,52,77,16,335,198,43,372,94,94
308,425,460,357,307,418,456,475,79,355,134,204,93,57,255,255
250,226,444,81,248,249,361,312,252,466,98,430,181,225,256,256
296,193,459,55,303,193,162,67,178,369,13,351,73,68,257,257
136,388,133,135,128,379,282,394,235,359,214,318,392,391,321,321
35,25,77,175,31,38,54,34,90,86,434,150,503,77,419,419
60,120,426,155,75,120,73,100,286,84,127,466,436,454,420,420
32,69,42,294,65,80,59,95,112,35,462,183,475,360,421,421
481,318,83,250,476,308,381,125,483,36,411,207,82,72,422,422
143,154,386,3,121,204,178,169,186,500,147,502,58,415,423,423
23,203,67,403,21,131,47,161,101,208,440,33,509,236,424,424
185,267,220,269,244,334,273,308,45,297,333,245,40,129,425,425
301,209,450,4,383,266,364,240,184,54,55,501,61,78,426,426
258,267,456,234,315,313,308,211,47,52,94,265,77,59,427,427
125,133,219,162,62,217,107,84,396,331,256,375,454,471,428,428
173,376,90,350,107,371,159,309,26,331,365,364,493,33,429,429
455,509,469,502,478,492,454,473,220,113,71,29,59,80,430,430
450,482,421,503,131,449,425,450,251,212,165,92,431,401,431,431
329,285,323,319,331,275,431,347,31,286,173,244,92,56,418,418
469,484,427,484,458,461,348,333,364,89,173,45,78,403,432,432
111,81,307,15,87,112,242,174,327,67,301,498,59,240,434,434
192,385,3,495,256,397,188,408,505,129,510,1,450,109,435,435
316,250,508,459,326,245,402,291,142,209,15,124,85,85,436,436
278,318,110,214,274,275,318,353,381,329,357,390,415,3,437,437
291,481,68,202,253,464,334,509,503,418,491,398,403,86,438,438
246,71,141,32,320,113,52,43,351,253,277,393,56,234,439,439
57,105,104,204,57,125,27,77,380,338,290,197,419,385,440,440
353,283,305,112,378,284,423,358,410,357,361,432,87,450,441,441
172,460,401,185,189,464,112,454,274,438,136,336,408,101,442,442
365,404,221,452,338,394,318,427,76,63,262,102,64,63,443,444
293,292,267,441,291,269,210,268,278,85,300,68,65,72,444,444
47,66,66,317,97,156,115,112,56,112,421,182,250,110,445,445
366,269,120,174,321,272,197,278,334,435,300,369,72,455,446,446
281,205,32,58,314,262,254,116,137,492,418,461,377,448,433,433
59,89,260,397,54,22,89,112,356,215,208,131,405,268,416,416
438,41,143,41,427,40,384,114,235,159,301,461,66,401,401,401
276,413,124,506,216,366,309,353,478,200,454,36,406,260,415,415
236,258,75,72,309,268,144,175,498,73,480,416,70,375,387,387
269,268,228,349,310,258,177,336,422,274,353,159,382,418,388,388
76,58,40,360,139,26,127,62,447,244,450,111,438,354,389,389
65,33,466,412,62,50,34,88,94,232,119,84,74,76,390,390
339,242,402,348,339,231,302,307,129,210,144,263,56,388,391,391
113,25,22,392,149,26,156,27,481,299,496,136,434,457,392,392
69,252,268,245,60,138,157,298,321,377,247,295,392,300,393,393
116,330,157,464,102,277,133,325,213,107,184,24,387,25,394,394
430,273,336,375,433,253,428,368,221,288,293,243,362,417,395,395
112,206,197,367,104,160,58,130,354,197,202,93,59,335,396,396
288,171,43,31,181,131,136,28,494,469,467,491,371,382,397,397
436,197,152,42,423,189,359,112,424,482,376,456,72,478,398,398
316,383,438,304,297,367,509,444,149,312,114,162,361,380,399,399
86,358,103,154,70,336,117,280,393,12,265,353,440,448,386,386
150,150,425,259,198,176,259,232,185,349,41,231,56,347,400,400
406,161,198,10,423,276,284,176,412,505,347,501,321,395,402,402
67,210,455,158,138,159,106,216,204,433,51,396,382,364,403,403
299,70,57,42,246,74,279,107,7,99,488,472,77,484,404,404
426,414,29,398,472,421,456,439,498,260,494,143,322,41,405,405
227,448,383,159,251,425,358,379,30,128,292,376,380,342,406,406
161,202,450,416,225,289,255,351,169,174,71,64,307,375,407,407
449,440,398,424,462,419,430,455,280,228,148,83,325,352,408,408
245,321,81,206,210,255,195,323,459,83,479,207,409,230,409,409
158,112,58,57,221,138,113,85,340,42,409,302,364,351,410,410
310,489,403,176,302,493,366,456,212,328,157,370,392,15,411,411
147,175,241,310,85,154,227,141,75,316,221,278,432,362,412,412
119,193,314,2,146,238,286,303,338,122,306,502,300,286,413,413
236,306,416,275,188,268,226,378,279,356,142,304,61,395,414,414
317,440,193,424,345,421,244,430,369,219,218,74,323,45,447,447
495,488,279,58,501,508,497,498,444,492,349,478,88,332,448,448
352,450,33,283,349,437,294,402,502,397,493,258,357,52,449,449
414,346,434,480,404,345,491,416,24,185,108,16,65,356,465,465
265,299,255,479,251,280,199,314,313,123,392,37,443,345,483,483
122,173,440,175,170,154,28,40,27,410,51,280,372,333,484,484
480,421,361,454,483,404,487,422,89,257,239,121,94,354,485,485
396,436,423,261,391,432,294,363,236,250,40,220,53,99,486,486
501,479,441,241,494,500,499,462,193,429,88,382,402,353,487,487
338,78,434,278,344,76,263,90,205,392,125,348,204,446,488,488
319,170,458,398,411,154,383,199,262,331,67,199,285,390,489,489
189,354,290,213,129,261,243,306,367,436,350,378,463,46,490,490
412,489,38,182,494,495,255,393,487,414,456,277,381,50,491,491
339,84,429,432,321,62,405,191,311,185,143,164,253,370,492,492
73,174,45,504,70,106,55,201,57,74,315,1,501,454,493,493
329,176,200,157,350,157,355,126,320,227,327,232,318,307,494,494
286,282,139,287,318,278,309,218,57,352,413,299,367,47,495,495
172,168,77,122,110,145,303,159,30,349,447,345,487,412,496,496
60,17,358,447,46,9,70,34,392,239,316,75,457,484,497,497
77,61,346,408,62,46,28,53,165,275,102,130,352,255,498,498
397,259,472,227,329,211,219,115,118,295,4,189,317,405,499,499
37,32,505,334,215,66,51,42,219,404,59,261,285,412,500,500
266,325,236,405,318,383,509,492,399,187,241,44,339,314,501,501
499,435,453,1,499,430,497,449,124,496,78,501,342,363,502,502
78,56,380,34,77,53,97,35,159,497,59,485,381,431,503,503
107,279,213,342,126,289,323,467,79,19,252,174,494,447,504,504
358,393,324,443,360,411,147,191,382,64,204,24,338,57,505,505
400,276,156,323,462,327,384,330,445,76,410,243,303,294,506,506
385,499,51,385,316,494,419,492,466,380,451,402,447,297,507,507
304,267,355,442,308,259,190,270,25,218,101,74,239,498,508,508
355,403,362,413,357,398,302,298,182,204,151,54,324,433,509,509
125,311,62,309,234,353,192,219,479,325,448,239,365,419,482,482
498,509,472,374,506,386,501,446,213,14,46,107,20,380,481,481
346,379,293,423,344,353,292,250,186,190,231,57,329,353,480,480
169,195,349,322,213,202,240,194,379,391,227,329,288,428,479,479
257,395,398,210,223,372,254,443,236,97,80,411,436,12,451,451
208,396,68,486,211,368,194,387,70,148,431,5,431,216,452,452
211,273,44,355,213,245,263,308,33,193,434,115,330,167,453,453
242,224,313,439,204,172,327,264,443,284,295,129,331,326,454,454
92,201,310,232,104,256,55,88,213,334,181,217,343,45,455,455
499,483,454,434,502,487,398,350,166,214,54,65,301,415,456,456
363,307,318,269,424,341,309,316,416,352,267,176,278,229,457,457
469,416,389,482,270,409,471,321,175,256,37,48,458,417,458,458
500,418,412,214,505,411,508,328,156,468,37,387,444,418,459,459
216,407,28,494,295,443,223,404,45,152,462,3,293,236,460,460
360,331,224,495,348,346,343,362,172,141,331,8,294,372,461,461
234,295,129,269,273,356,88,268,423,82,338,259,409,40,462,462
458,284,94,274,412,223,306,100,59,396,415,257,408,417,463,463
176,395,473,190,186,441,282,394,228,396,105,353,402,44,450,450
428,426,179,171,420,411,394,466,212,128,412,407,381,73,464,464
271,274,78,125,315,308,198,178,480,328,404,331,408,361,466,466
337,193,199,167,360,241,459,404,352,405,267,390,389,337,467,467
64,63,105,39,48,68,51,48,493,437,462,454,169,464,468,468
86,6,180,188,47,9,95,9,65,260,223,131,461,464,469,469
391,467,116,119,374,468,288,346,331,284,381,287,403,10,470,470
387,498,318,468,356,504,448,483,387,170,217,33,360,275,471,471
388,495,370,474,355,503,447,491,297,177,129,28,368,198,472,472
213,30,239,234,279,51,252,37,436,257,324,133,346,387,473,473
498,367,168,311,503,369,422,354,55,295,357,199,213,474,474,474
393,500,217,510,246,508,311,505,399,212,301,63,475,282,475,475
354,469,409,213,390,476,329,348,305,311,171,380,221,280,476,476
411,106,351,20,422,128,127,58,273,477,116,479,367,468,477,477
239,239,373,434,242,256,293,313,18,152,336,117,383,302,478,478
261,147,229,346,221,104,299,88,442,186,350,125,394,304,417,417
184,132,241,60,177,164,119,111,390,480,339,421,365,469,385,385
294,408,492,184,286,401,90,56,161,16,63,262,403,280,384,384
47,188,194,321,87,244,43,245,61,313,291,182,290,253,383,383
235,175,249,337,284,215,256,253,433,373,344,239,240,321,291,291
77,202,378,64,69,173,49,76,208,339,28,357,432,475,292,292
252,150,304,88,161,134,339,215,306,101,204,446,370,433,293,293
302,394,396,478,265,397,400,489,290,184,105,24,294,243,294,294
114,43,166,85,102,9,118,18,317,424,278,295,185,441,295,295
450,458,75,199,468,454,152,250,349,155,319,155,318,267,296,296
123,130,350,397,184,158,166,116,272,310,253,286,265,271,297,297
286,163,206,82,345,171,281,179,99,469,388,398,201,431,298,298
361,168,319,103,280,167,425,172,140,18,267,434,224,280,299,299
309,256,68,301,311,245,435,182,495,253,457,177,212,287,300,300
449,375,508,159,445,386,284,224,72,77,3,275,252,289,301,301
444,348,287,385,410,317,453,317,184,24,280,141,221,233,302,302
493,173,378,289,483,126,405,113,294,459,156,370,194,298,303,303
399,435,228,103,356,424,433,466,292,475,350,417,369,224,290,290
120,7,390,295,55,8,14,11,272,9,106,122,323,289,304,304
409,273,202,262,414,252,310,188,272,197,315,158,204,261,306,306
358,220,411,84,387,212,214,61,190,200,163,348,22,253,307,307
123,95,503,70,395,170,167,147,175,456,54,451,213,260,308,308
389,220,245,176,384,212,429,138,415,252,372,223,272,387,309,309
125,214,106,138,135,292,152,311,445,338,443,452,229,108,310,310
508,485,474,401,469,434,496,501,133,254,61,115,216,256,311,311
148,242,495,483,135,234,146,302,127,145,4,29,311,243,312,312
327,108,283,74,425,220,311,87,163,256,190,368,30,256,313,313
57,457,55,505,56,458,87,449,12,67,461,59,314,242,314,314
274,219,302,434,261,195,286,124,183,196,181,98,213,244,315,315
371,499,82,478,504,462,397,464,495,172,460,15,245,261,316,316
81,392,4,122,73,305,60,266,432,369,454,273,276,237,317,317
307,432,12,139,279,397,446,417,504,98,502,392,193,444,318,318
388,261,239,275,382,298,229,246,245,72,305,180,96,209,305,305
198,316,121,470,194,302,187,291,40,171,285,54,199,254,288,288
230,385,268,344,208,385,244,343,383,315,188,151,314,248,273,273
444,501,94,490,434,472,424,459,477,72,433,1,200,236,287,287
505,501,340,402,507,502,474,410,368,254,302,95,260,250,259,259
456,424,363,45,456,453,466,366,288,497,284,485,169,153,260,260
124,307,138,239,148,276,141,363,437,377,356,268,293,246,261,261
314,175,348,97,326,184,411,289,324,452,235,472,157,252,262,262
89,154,395,347,67,110,24,92,204,16,72,110,358,291,263,263
269,201,257,119,197,244,246,310,332,464,250,436,434,250,264,264
276,229,288,355,345,294,371,313,465,356,388,241,283,202,265,265
51,50,122,299,23,49,34,55,240,17,206,132,494,439,266,266
265,144,101,43,327,185,144,129,484,482,471,478,204,454,267,267
225,353,365,332,197,355,336,430,175,302,301,156,277,283,268,268
274,170,30,108,267,206,349,174,210,369,419,325,142,431,269,269
250,367,342,467,219,321,253,365,308,244,297,78,185,241,270,270
200,88,375,166,194,98,204,86,193,294,32,180,208,372,271,271
344,179,204,112,316,180,326,181,410,130,298,313,462,498,258,258
290,162,264,105,289,210,171,188,405,483,328,447,185,214,272,272
303,288,468,46,261,301,298,304,47,108,118,469,157,284,274,274
4,1,96,185,19,1,7,3,489,255,428,148,411,449,275,275
36,57,129,120,42,44,16,48,267,383,167,250,341,496,276,276
137,378,106,165,111,432,98,182,281,388,308,373,234,143,277,277
299,496,447,507,371,507,302,507,185,252,289,90,278,137,278,278
346,191,22,472,360,206,330,210,497,233,503,142,216,257,279,279
24,86,347,279,48,105,356,341,260,294,129,127,434,269,280,280
45,357,27,360,151,374,279,457,71,290,483,174,294,222,281,281
76,284,15,222,29,184,140,380,105,447,502,402,271,143,282,282
386,287,409,324,382,257,229,73,80,75,15,234,249,273,283,283
246,63,448,407,109,29,342,112,136,44,36,136,332,320,284,284
441,356,448,80,421,352,410,298,163,474,28,387,215,340,285,285
299,229,449,13,257,296,416,406,195,501,56,500,236,130,286,286
53,89,38,241,39,59,77,70,509,289,493,242,486,232,319,319
437,477,433,436,421,449,437,478,229,186,146,59,263,306,289,289
65,111,240,347,52,68,104,141,78,292,348,122,424,183,320,320
382,249,154,32,376,284,200,79,290,81,125,375,118,157,353,353
491,490,449,171,489,492,57,150,139,427,109,326,341,357,355,355
475,383,489,508,469,354,442,381,181,184,89,34,353,348,356,356
316,169,462,130,326,130,446,260,240,51,109,407,271,458,357,357
197,205,424,44,216,243,196,223,187,59,79,484,248,144,358,358
226,347,260,408,183,314,313,371,369,213,318,42,407,185,359,359
65,19,265,35,43,47,82,27,426,467,380,460,262,378,360,360
197,21,336,386,252,28,190,30,206,219,175,105,264,297,361,361
291,402,290,291,235,362,292,337,1,264,171,238,430,384,362,362
485,457,447,381,508,494,341,361,96,177,17,137,262,213,363,363
354,454,3,324,333,449,304,483,508,413,507,287,480,304,364,364
301,164,267,242,282,147,364,197,99,290,204,170,272,329,365,365
344,449,187,97,268,403,373,428,138,379,195,405,413,410,366,366
50,2,380,217,84,5,41,7,292,36,162,155,332,406,367,367
137,161,183,323,138,186,260,196,324,334,282,255,284,334,354,354
140,48,240,25,100,87,130,37,365,67,199,477,454,485,368,368
281,288,309,452,264,241,426,398,2,235,185,90,279,292,370,370
400,476,134,348,406,481,351,496,182,264,397,194,367,289,371,371
328,436,186,336,270,444,326,400,359,278,320,215,366,264,372,372
323,290,71,281,318,289,308,314,484,344,462,236,447,255,373,373
173,133,274,82,266,220,221,168,263,345,288,438,395,470,374,374
472,344,441,5,482,388,478,398,244,193,125,502,272,350,375,375
482,397,314,274,471,400,472,421,372,220,221,127,254,354,376,376
316,170,62,386,323,137,396,239,29,258,431,108,272,220,377,377
459,417,394,423,459,415,429,456,18,170,150,78,222,342,378,378
478,362,410,104,476,370,442,355,78,489,82,428,211,323,379,379
465,397,488,499,478,417,454,413,268,142,87,5,277,273,380,380
38,358,164,163,30,293,41,175,14,244,299,264,364,382,381,381
256,261,132,124,145,252,343,254,295,325,278,338,299,188,382,382
21,140,60,449,60,134,60,194,55,89,495,121,432,182,369,369
495,408,474,175,493,445,475,371,196,28,60,384,261,264,352,352
184,282,123,437,178,256,201,201,253,144,336,78,441,310,337,337
131,15,209,420,59,8,87,20,344,44,234,102,256,300,351,351
496,476,19,366,497,478,481,443,88,67,499,125,265,294,323,323
439,413,453,119,441,413,415,435,311,417,161,413,275,314,324,324
84,19,200,60,144,51,115,49,463,90,386,450,264,310,325,325
264,222,257,282,276,208,146,148,342,326,384,178,340,311,326,326
134,273,227,322,41,202,185,357,207,279,198,165,324,340,327,327
469,343,499,497,444,348,442,382,263,65,141,92,313,383,328,328
64,226,387,489,48,201,39,271,190,172,24,37,327,167,329,329
15,27,204,383,9,14,16,35,358,181,130,39,489,431,330,330
242,129,467,376,287,143,307,215,246,310,115,187,239,355,331,331
191,75,371,465,187,68,220,97,290,295,351,173,378,284,332,332
507,428,224,135,507,435,475,105,259,176,197,270,90,294,333,333
335,27,148,428,279,40,331,47,421,5,312,105,412,301,334,334
45,334,446,182,44,310,79,226,155,291,31,323,472,442,335,335
481,392,435,231,485,396,482,363,45,421,43,264,259,297,322,322
253,299,291,174,305,284,209,238,238,283,170,214,288,340,336,336
329,346,374,448,298,306,469,450,309,223,182,79,330,230,338,338
136,280,361,456,142,299,94,91,387,222,246,46,389,210,339,339
313,259,384,413,262,221,439,400,141,205,127,68,329,273,340,340
243,308,300,447,219,310,218,328,260,157,124,91,328,183,341,341
204,389,125,217,264,393,302,455,30,448,201,418,331,162,342,342
357,107,95,309,369,87,289,134,438,99,442,388,383,307,343,343
319,306,256,474,310,304,301,364,414,130,199,7,252,364,344,344
286,89,375,467,253,101,323,99,179,218,86,159,255,301,345,345
414,396,207,49,400,318,441,387,422,477,359,420,247,337,346,346
355,364,25,463,299,315,371,363,50,255,498,106,259,317,347,347
398,428,235,102,360,428,438,463,403,143,349,425,272,193,348,348
88,109,247,21,65,91,117,150,45,15,164,489,414,475,349,349
267,350,332,201,241,348,38,199,242,332,80,245,303,222,350,350
16,38,499,416,9,31,44,66,162,339,6,178,300,452,129,129
118,149,70,313,161,162,43,100,449,311,474,301,217,281,1,1
